anio,tipo_combustible,total_ventas
2010,Diesel,4086808
2010,Electric,4205554
2010,Hybrid,4415611
2010,Petrol,4225472
2011,Diesel,4019361
2011,Electric,4345538
2011,Hybrid,4222305
2011,Petrol,4171737
2012,Diesel,4087221
2012,Electric,4242466
2012,Hybrid,4347806
2012,Petrol,4074402
2013,Diesel,4198426
2013,Electric,4117556
2013,Hybrid,4278494
2013,Petrol,4272257
2014,Diesel,4527336
2014,Electric,4022785
2014,Hybrid,4434340
2014,Petrol,3974499
2015,Diesel,4193633
2015,Electric,4215113
2015,Hybrid,4307029
2015,Petrol,4294432
2016,Diesel,4262129
2016,Electric,4199882
2016,Hybrid,4111145
2016,Petrol,4384394
2017,Diesel,4031905
2017,Electric,4116302
2017,Hybrid,4219927
2017,Petrol,4252677
2018,Diesel,3892638
2018,Electric,4325544
2018,Hybrid,4021011
2018,Petrol,4173080
2019,Diesel,4099576
2019,Electric,4184558
2019,Hybrid,4461759
2019,Petrol,4446063
2020,Diesel,4152177
2020,Electric,3962571
2020,Hybrid,4032718
2020,Petrol,4163377
2021,Diesel,4137203
2021,Electric,4239630
2021,Hybrid,4331469
2021,Petrol,4176364
2022,Diesel,4474126
2022,Electric,4383912
2022,Hybrid,4687463
2022,Petrol,4375445
2023,Diesel,3842804
2023,Electric,4305554
2023,Hybrid,4013825
2023,Petrol,4106471
2024,Diesel,4356475
2024,Electric,4290700
2024,Hybrid,4647195
2024,Petrol,4233484
